date,cushing_stocks,refinery_util,crude_imports
2020-01-03,35.501,93.0,6730
2020-01-10,35.843,92.2,6552
2020-01-17,34.882,90.5,6432
2020-01-24,35.64,87.2,6660
2020-01-31,36.708,87.4,6615
2020-02-07,38.376,88.0,6978
2020-02-14,38.243,89.4,6547
2020-02-21,39.149,87.9,6217
2020-02-28,37.178,86.9,6238
2020-03-06,37.882,86.4,6412
2020-03-13,38.445,86.4,6539
2020-03-20,39.303,87.3,6117
2020-03-27,42.824,82.3,6047
2020-04-03,49.241,75.6,5874
2020-04-10,54.965,69.1,5680
2020-04-17,59.741,67.6,4937
2020-04-24,63.378,69.6,5302
2020-05-01,65.446,70.5,5712
2020-05-08,62.444,67.9,5391
2020-05-15,56.857,69.4,5197
2020-05-22,53.462,71.3,7200
2020-05-29,51.723,71.8,6179
2020-06-05,49.444,73.1,6864
2020-06-12,46.836,73.8,6642
2020-06-19,45.845,74.6,6540
2020-06-26,45.582,75.5,5969
2020-07-03,47.788,77.5,7394
2020-07-10,48.737,78.1,5567
2020-07-17,50.112,77.9,5941
2020-07-24,51.421,79.5,5146
2020-07-31,51.953,79.6,6010
2020-08-07,53.289,81.0,5621
2020-08-14,52.682,80.9,5730
2020-08-21,52.403,82.0,5916
2020-08-28,52.513,76.7,4900
2020-09-04,54.351,71.8,5423
2020-09-11,54.277,75.8,5008
2020-09-18,54.281,74.8,5168
2020-09-25,56.066,75.8,5122
2020-10-02,56.536,77.1,5732
2020-10-09,59.442,75.1,5286
2020-10-16,60.417,72.9,5118
2020-10-23,59.995,74.6,5664
2020-10-30,60.931,75.3,5029
2020-11-06,60.413,74.5,5499
2020-11-13,61.613,77.4,5254
2020-11-20,59.892,78.7,5228
2020-11-27,59.575,78.2,5399
2020-12-04,58.211,79.9,6479
2020-12-11,58.409,79.1,5424
2020-12-18,58.383,78.0,5564
2020-12-25,58.41,79.4,5326
2021-01-01,59.202,80.7,5369
2021-01-08,57.227,82.0,6239
2021-01-15,52.5,82.5,6045
2021-01-22,50.219,81.7,5064
2021-01-29,48.702,82.3,6507
2021-02-05,48.044,83.0,5857
2021-02-12,45.016,83.1,5898
2021-02-19,47.823,68.6,4599
2021-02-26,48.308,56.0,6292
2021-03-05,48.834,69.0,5655
2021-03-12,48.21,76.1,5323
2021-03-19,46.275,81.6,5622
2021-03-26,47.057,83.9,6145
2021-04-02,46.322,84.0,6264
2021-04-09,46.668,85.0,5852
2021-04-16,45.35,85.0,5405
2021-04-23,46.072,85.4,6616
2021-04-30,46.326,86.5,5451
2021-05-07,45.905,86.1,5488
2021-05-14,45.763,86.3,6411
2021-05-21,44.755,87.0,6273
2021-05-28,45.539,88.7,5631
2021-06-04,45.704,91.3,6638
2021-06-11,43.554,92.6,6746
2021-06-18,41.721,92.2,6943
2021-06-25,40.261,92.9,6406
2021-07-02,39.647,92.2,5875
2021-07-09,38.058,91.8,6221
2021-07-16,36.711,91.4,7097
2021-07-23,35.443,91.1,6507
2021-07-30,34.9,91.3,6432
2021-08-06,34.575,91.8,6396
2021-08-13,33.595,92.2,6350
2021-08-20,33.665,92.4,6157
2021-08-27,34.501,91.3,6340
2021-09-03,36.419,81.9,5810
2021-09-10,35.316,82.1,5761
2021-09-17,33.84,87.5,6465
2021-09-24,33.971,88.1,6552
2021-10-01,35.519,89.6,7035
2021-10-08,33.551,86.7,5994
2021-10-15,31.231,84.7,5825
2021-10-22,27.332,85.1,6254
2021-10-29,26.416,86.3,6172
2021-11-05,26.382,86.7,6108
2021-11-12,26.598,87.9,6191
2021-11-19,27.385,88.6,6436
2021-11-26,28.544,88.8,6604
2021-12-03,30.917,89.8,6499
2021-12-10,32.211,89.8,6471
2021-12-17,33.674,89.6,6194
2021-12-24,34.729,89.7,6759
2021-12-31,37.306,89.8,5884
2022-01-07,34.838,88.4,6069
2022-01-14,33.524,88.1,6745
2022-01-21,31.701,87.7,6236
2022-01-28,30.528,86.7,7085
2022-02-04,27.727,88.2,6389
2022-02-11,25.827,85.3,5790
2022-02-18,23.778,87.4,6828
2022-02-25,22.806,87.7,5767
2022-03-04,22.221,89.3,6319
2022-03-11,24.007,90.4,6395
2022-03-18,25.242,91.1,6486
2022-03-25,24.233,92.1,6259
2022-04-01,25.887,92.5,6300
2022-04-08,26.337,90.0,5995
2022-04-15,26.152,91.0,5837
2022-04-22,27.45,90.3,5934
2022-04-29,28.829,88.4,6332
2022-05-06,28.242,90.0,6269
2022-05-13,25.839,91.8,6568
2022-05-20,24.778,93.2,6486
2022-05-27,25.034,92.6,6218
2022-06-03,23.441,94.2,6154
2022-06-10,22.615,93.7,6985
2022-06-17,22.043,94.0,6226
2022-06-24,21.261,95.0,5998
2022-07-01,21.33,94.5,6839
2022-07-08,21.646,94.9,6675
2022-07-15,22.789,93.7,6519
2022-07-22,23.54,92.2,6164
2022-07-29,24.466,91.0,7342
2022-08-05,25.189,94.3,6171
2022-08-12,25.381,93.5,6132
2022-08-19,25.807,93.8,6171
2022-08-26,25.284,92.7,5956
2022-09-02,24.783,90.9,6779
2022-09-09,24.648,91.5,5792
2022-09-16,24.991,93.6,6947
2022-09-23,25.683,90.6,6449
2022-09-30,25.956,91.3,5947
2022-10-07,25.647,89.9,6063
2022-10-14,26.23,89.5,5908
2022-10-21,26.897,88.9,6180
2022-10-28,28.164,90.6,6205
2022-11-04,27.241,92.1,6454
2022-11-11,25.617,92.9,5559
2022-11-18,24.73,93.9,7063
2022-11-25,24.315,95.2,6037
2022-12-02,23.942,95.5,6012
2022-12-09,24.368,92.2,6867
2022-12-16,25.221,90.9,5819
2022-12-23,25.026,92.0,6252
2022-12-30,25.27,79.6,5712
2023-01-06,27.781,84.1,6350
2023-01-13,31.427,85.3,6861
2023-01-20,35.694,86.1,5905
2023-01-27,38.009,85.7,7283
2023-02-03,39.052,87.9,7058
2023-02-10,39.711,86.5,6232
2023-02-17,40.411,85.9,6326
2023-02-24,40.718,85.8,6208
2023-03-03,39.828,86.0,6271
2023-03-10,37.912,88.2,6216
2023-03-17,36.849,88.6,6172
2023-03-24,35.217,90.3,5325
2023-03-31,34.247,89.6,7144
2023-04-07,33.838,89.3,6193
2023-04-14,32.75,91.0,6294
2023-04-21,33.069,91.3,6376
2023-04-28,33.61,90.7,6396
2023-05-05,34.007,91.0,5553
2023-05-12,35.468,92.0,6860
2023-05-19,37.23,91.7,5850
2023-05-26,38.858,93.1,7217
2023-06-02,40.579,95.8,6400
2023-06-09,42.133,93.7,6381
2023-06-16,42.035,93.1,6161
2023-06-23,43.244,92.2,6580
2023-06-30,42.844,91.1,7038
2023-07-07,41.239,93.7,5880
2023-07-14,38.348,94.3,7174
2023-07-21,35.739,93.4,6367
2023-07-28,34.48,92.7,6668
2023-08-04,34.639,93.8,6682
2023-08-11,33.802,94.7,7158
2023-08-18,30.669,94.5,6933
2023-08-25,29.165,93.3,6617
2023-09-01,27.415,93.1,6770
2023-09-08,24.965,93.7,7582
2023-09-15,22.901,91.9,6517
2023-09-22,21.958,89.5,7229
2023-09-29,22.09,87.3,6215
2023-10-06,21.771,85.7,6329
2023-10-13,21.013,86.1,5942
2023-10-20,21.226,85.6,6013
2023-10-27,21.498,85.4,6425
2023-11-03,23.085,85.2,6394
2023-11-10,25.01,86.1,6373
2023-11-17,25.868,87.0,6529
2023-11-24,27.722,89.8,5833
2023-12-01,29.551,90.5,7508
2023-12-08,30.779,90.2,6517
2023-12-15,32.465,92.4,6750
2023-12-22,33.973,93.3,6276
2023-12-29,34.679,93.5,6895
2024-01-05,34.173,92.9,6241
2024-01-12,32.074,92.6,7420
2024-01-19,30.066,85.5,5580
2024-01-26,28.094,82.9,5605
2024-02-02,28.061,82.4,6907
2024-02-09,28.771,80.6,6470
2024-02-16,29.512,80.6,6654
2024-02-23,30.97,81.5,6385
2024-03-01,31.671,84.9,7222
2024-03-08,31.451,86.8,5491
2024-03-15,31.433,87.8,6278
2024-03-22,33.54,88.7,6702
2024-03-29,33.163,88.6,6618
2024-04-05,32.993,88.3,6434
2024-04-12,33.026,88.1,6461
2024-04-19,32.367,88.5,6497
2024-04-26,33.456,87.5,6772
2024-05-03,35.336,88.5,6969
2024-05-10,34.995,90.4,6744
2024-05-17,36.32,91.7,6663
2024-05-24,34.554,94.3,6769
2024-05-31,35.408,95.4,7058
2024-06-07,33.815,95.0,8304
2024-06-14,34.122,93.5,7054
2024-06-21,33.896,92.2,6611
2024-06-28,34.241,93.5,6547
2024-07-05,33.539,95.4,6760
2024-07-12,32.664,93.7,7037
2024-07-19,30.956,91.6,6871
2024-07-26,29.85,90.1,6953
2024-08-02,30.429,90.5,6224
2024-08-09,28.764,91.5,6285
2024-08-16,28.204,92.3,6652
2024-08-23,27.536,93.3,6560
2024-08-30,26.394,93.3,5792
2024-09-06,24.69,92.8,6867
2024-09-13,22.711,92.1,6322
2024-09-20,22.827,90.9,6456
2024-09-27,23.667,87.6,6628
2024-10-04,24.914,86.7,6239
2024-10-11,25.022,87.7,5529
2024-10-18,24.676,89.5,6431
2024-10-25,25.357,89.1,5975
2024-11-01,25.879,90.5,6240
2024-11-08,25.191,91.4,6509
2024-11-15,25.051,90.2,7684
2024-11-22,24.142,90.5,6083
2024-11-29,24.192,93.3,7290
2024-12-06,22.894,92.4,5984
2024-12-13,23.002,91.8,6649
2024-12-20,22.682,92.5,6471
2024-12-27,22.54,92.7,6926
2025-01-03,20.038,93.3,6428
2025-01-10,20.803,91.7,6124
2025-01-17,20.655,85.9,6745
2025-01-24,20.981,83.5,6448
2025-01-31,20.947,84.5,6915
2025-02-07,21.819,85.0,6309
2025-02-14,23.291,84.9,5820
2025-02-21,24.573,86.5,5919
2025-02-28,25.697,85.9,5813
2025-03-07,24.469,86.5,5470
2025-03-14,23.46,86.9,5385
2025-03-21,22.705,87.0,6195
2025-03-28,25.078,86.0,6466
2025-04-04,25.759,86.7,6189
2025-04-11,25.105,86.3,6001
2025-04-18,25.019,88.1,5589
2025-04-25,25.701,88.6,5498
2025-05-02,24.961,89.0,6056
2025-05-09,23.892,90.2,5841
2025-05-16,23.435,90.7,6089
2025-05-23,23.51,90.2,6351
2025-05-30,24.086,93.4,6346
2025-06-06,23.683,94.3,6176
2025-06-13,22.688,93.2,5504
2025-06-20,22.224,94.7,5944
2025-06-27,20.731,94.9,6919
2025-07-04,21.195,94.7,6013
2025-07-11,21.408,93.9,6379
2025-07-18,21.863,95.5,5976
2025-07-25,22.553,95.4,6136
2025-08-01,23.006,96.9,5962
2025-08-08,23.051,96.4,6920
2025-08-15,23.47,96.6,6497
2025-08-22,22.632,94.6,6234
2025-08-29,24.222,94.3,6742
2025-09-05,23.857,94.9,6271
2025-09-12,23.561,93.3,5692
2025-09-19,23.738,93.0,6495
2025-09-26,23.467,91.4,5833
2025-10-03,22.704,92.4,6403
2025-10-10,22.001,85.7,5525
2025-10-17,21.231,88.6,5918
2025-10-24,22.565,86.6,5051
2025-10-31,22.865,86.0,5924
2025-11-07,22.519,89.4,5222
2025-11-14,21.821,90.0,5950
2025-11-21,21.753,92.3,6436
2025-11-28,21.296,94.1,5981
2025-12-05,21.604,94.5,6589
2025-12-12,20.862,94.8,6525
2025-12-19,21.569,94.6,6086
2025-12-26,22.112,94.7,4953
2026-01-02,22.84,94.7,6339
2026-01-09,23.585,95.3,7092
2026-01-16,25.063,93.3,6447
2026-01-23,24.785,90.9,5642
2026-01-30,24.042,90.5,6201
2026-02-06,25.113,89.4,6805
2026-02-13,24.018,91.0,6524
2026-02-20,24.899,88.6,6659
2026-02-27,26.463,89.2,6324
2026-03-06,26.58,90.8,6422
2026-03-13,27.524,91.4,7194
2026-03-20,30.945,92.9,6464
2026-03-27,31.465,92.1,6454
2026-04-03,31.489,92.0,6324
2026-04-10,29.762,89.6,5291
2026-04-17,30.568,89.1,6078
